{"inputUnits":[34],"outputUnits":4,"inputs":{"0":{"dtype":"number","min":302.59223744650797,"max":383.87452837551774},"1":{"dtype":"number","min":45.31736020688656,"max":176.241117481135},"2":{"dtype":"number","min":309.8824585436845,"max":395.55292973509074},"3":{"dtype":"number","min":34.77295278805738,"max":165.97413299144125},"4":{"dtype":"number","min":295.23124323021364,"max":372.2977511459856},"5":{"dtype":"number","min":38.31074036120438,"max":165.1491869355735},"6":{"dtype":"number","min":329.04810260378594,"max":413.0217333936784},"7":{"dtype":"number","min":31.31329393293889,"max":173.25925533302112},"8":{"dtype":"number","min":289.002392268785,"max":358.9354226184867},"9":{"dtype":"number","min":44.40388937907376,"max":174.68702022559924},"10":{"dtype":"number","min":364.4638460096095,"max":440.2918444181743},"11":{"dtype":"number","min":75.39207741066261,"max":215.36379600361306},"12":{"dtype":"number","min":284.80565716183906,"max":330.41860123126827},"13":{"dtype":"number","min":82.01161464520132,"max":219.64514306646572},"14":{"dtype":"number","min":408.9772798118071,"max":476.61020394189546},"15":{"dtype":"number","min":122.72041662859405,"max":263.9180736281486},"16":{"dtype":"number","min":225.5287536264163,"max":294.3654610260188},"17":{"dtype":"number","min":64.97121591549401,"max":247.18667132580254},"18":{"dtype":"number","min":367.6379406428941,"max":555.3564417431926},"19":{"dtype":"number","min":86.46696391858552,"max":313.8254825227674},"20":{"dtype":"number","min":180.91367591426618,"max":334.3672855369761},"21":{"dtype":"number","min":46.66256553248354,"max":339.3302123309576},"22":{"dtype":"number","min":378.80863145080923,"max":433.33367301241924},"23":{"dtype":"number","min":199.21675423664885,"max":415.1745902911032},"24":{"dtype":"number","min":296.6090973078856,"max":348.55092426024913},"25":{"dtype":"number","min":213.55298018130173,"max":418.6705103348105},"26":{"dtype":"number","min":377.5229271485327,"max":517.0164683083576},"27":{"dtype":"number","min":274.2398588838633,"max":558.2487372534084},"28":{"dtype":"number","min":232.8861514680799,"max":369.949918453224},"29":{"dtype":"number","min":258.54208308586135,"max":560.128523025364},"30":{"dtype":"number","min":374.2015132197627,"max":547.2271686873705},"31":{"dtype":"number","min":303.654590034113,"max":561.4895519829167},"32":{"dtype":"number","min":264.03384381567525,"max":371.20350560714394},"33":{"dtype":"number","min":340.47789501167875,"max":560.19827398408}},"outputs":{"0":{"dtype":"string","min":0,"max":1,"uniqueValues":["a","b","c","d"],"legend":{"a":[1,0,0,0],"b":[0,1,0,0],"c":[0,0,1,0],"d":[0,0,0,1]}}},"isNormalized":true}